<?xml version="1.0" encoding="UTF-8"?>
<metadata xml:lang="en"><Esri><CreaDate>20210405</CreaDate><CreaTime>14182800</CreaTime><ArcGISFormat>1.0</ArcGISFormat><SyncOnce>FALSE</SyncOnce><DataProperties><itemProps><itemName Sync="TRUE">Elk_City_303</itemName><imsContentType Sync="TRUE">002</imsContentType><itemSize Sync="TRUE">0.000</itemSize><itemLocation><linkage Sync="TRUE">file://\\SUBURBAN\C$\Users\albertis\Downloads\ELK\Shapefile\Single_shp\Elk_City_303.shp</linkage><protocol Sync="TRUE">Local Area Network</protocol></itemLocation></itemProps><lineage><Process ToolSource="c:\program files (x86)\arcgis\desktop10.7\ArcToolbox\Toolboxes\Analysis Tools.tbx\SpatialJoin" Date="20210405" Time="141831">SpatialJoin OUSTIDE2_rep_join MapUnitPolys C:\Users\albertis\Downloads\ELK\Shapefile\OUSTIDE2_rep_join_geol.shp JOIN_ONE_TO_ONE KEEP_ALL "UNIQUE_ID "UNIQUE_ID" true true false 18 Text 0 0 ,First,#,OUSTIDE2_rep_join,UNIQUE_ID,-1,-1;FAIL_TYPE "FAIL_TYPE" true true false 12 Text 0 0 ,First,#,OUSTIDE2_rep_join,FAIL_TYPE,-1,-1;RMSE "RMSE" true true false 12 Double 6 11 ,First,#,OUSTIDE2_rep_join,RMSE,-1,-1;Id "Id" true true false 5 Long 0 5 ,First,#,OUSTIDE2_rep_join,Id,-1,-1;FID_1 "FID_1" true true false 9 Long 0 9 ,First,#,OUSTIDE2_rep_join,FID_1,-1,-1;REF_ID_COD "REF_ID_COD" true true false 50 Text 0 0 ,First,#,OUSTIDE2_rep_join,REF_ID_COD,-1,-1;UNIQUE_I_1 "UNIQUE_I_1" true true false 25 Text 0 0 ,First,#,OUSTIDE2_rep_join,UNIQUE_I_1,-1,-1;TYPE_MOVE "TYPE_MOVE" true true false 25 Text 0 0 ,First,#,OUSTIDE2_rep_join,TYPE_MOVE,-1,-1;MOVE_CLASS "MOVE_CLASS" true true false 50 Text 0 0 ,First,#,OUSTIDE2_rep_join,MOVE_CLASS,-1,-1;MOVE_CODE "MOVE_CODE" true true false 50 Text 0 0 ,First,#,OUSTIDE2_rep_join,MOVE_CODE,-1,-1;CONFIDENCE "CONFIDENCE" true true false 25 Text 0 0 ,First,#,OUSTIDE2_rep_join,CONFIDENCE,-1,-1;AGE "AGE" true true false 25 Text 0 0 ,First,#,OUSTIDE2_rep_join,AGE,-1,-1;NAME "NAME" true true false 50 Text 0 0 ,First,#,OUSTIDE2_rep_join,NAME,-1,-1;GEOL "GEOL" true true false 50 Text 0 0 ,First,#,OUSTIDE2_rep_join,GEOL,-1,-1;SLOPE "SLOPE" true true false 13 Float 0 0 ,First,#,OUSTIDE2_rep_join,SLOPE,-1,-1;HS_HEIGHT "HS_HEIGHT" true true false 13 Float 0 0 ,First,#,OUSTIDE2_rep_join,HS_HEIGHT,-1,-1;FAN_HEIGHT "FAN_HEIGHT" true true false 13 Float 0 0 ,First,#,OUSTIDE2_rep_join,FAN_HEIGHT,-1,-1;FAIL_DEPTH "FAIL_DEPTH" true true false 13 Float 0 0 ,First,#,OUSTIDE2_rep_join,FAIL_DEPTH,-1,-1;DEEP_SHAL "DEEP_SHAL" true true false 25 Text 0 0 ,First,#,OUSTIDE2_rep_join,DEEP_SHAL,-1,-1;HS_IS1 "HS_IS1" true true false 13 Float 0 0 ,First,#,OUSTIDE2_rep_join,HS_IS1,-1,-1;IS1_IS2 "IS1_IS2" true true false 13 Float 0 0 ,First,#,OUSTIDE2_rep_join,IS1_IS2,-1,-1;IS2_IS3 "IS2_IS3" true true false 13 Float 0 0 ,First,#,OUSTIDE2_rep_join,IS2_IS3,-1,-1;IS3_IS4 "IS3_IS4" true true false 13 Float 0 0 ,First,#,OUSTIDE2_rep_join,IS3_IS4,-1,-1;HD_AVE "HD_AVE" true true false 13 Float 0 0 ,First,#,OUSTIDE2_rep_join,HD_AVE,-1,-1;DIRECT "DIRECT" true true false 13 Float 0 0 ,First,#,OUSTIDE2_rep_join,DIRECT,-1,-1;AREA "AREA" true true false 13 Float 0 0 ,First,#,OUSTIDE2_rep_join,AREA,-1,-1;VOL "VOL" true true false 13 Float 0 0 ,First,#,OUSTIDE2_rep_join,VOL,-1,-1;MAP_UNIT_L "MAP_UNIT_L" true true false 50 Text 0 0 ,First,#,OUSTIDE2_rep_join,MAP_UNIT_L,-1,-1;DESCRIPTIO "DESCRIPTIO" true true false 25 Text 0 0 ,First,#,OUSTIDE2_rep_join,DESCRIPTIO,-1,-1;YEAR "YEAR" true true false 5 Long 0 5 ,First,#,OUSTIDE2_rep_join,YEAR,-1,-1;DATE_RANGE "DATE_RANGE" true true false 25 Text 0 0 ,First,#,OUSTIDE2_rep_join,DATE_RANGE,-1,-1;REACTIVATI "REACTIVATI" true true false 50 Text 0 0 ,First,#,OUSTIDE2_rep_join,REACTIVATI,-1,-1;MONTH "MONTH" true true false 2 Text 0 0 ,First,#,OUSTIDE2_rep_join,MONTH,-1,-1;DAY "DAY" true true false 2 Text 0 0 ,First,#,OUSTIDE2_rep_join,DAY,-1,-1;Shape_Leng "Shape_Leng" true true false 19 Double 0 0 ,First,#,OUSTIDE2_rep_join,Shape_Leng,-1,-1;Shape_Area "Shape_Area" true true false 19 Double 0 0 ,First,#,OUSTIDE2_rep_join,Shape_Area,-1,-1;MapUnit "MapUnit" true true false 100 Text 0 0 ,First,#,MapUnitPolys,MapUnit,-1,-1;MapUnitName "MapUnitName" true true false 254 Text 0 0 ,First,#,MapUnitPolys,MapUnitName,-1,-1;IdentityConfidence "IdentityConfidence" true true false 50 Text 0 0 ,First,#,MapUnitPolys,IdentityConfidence,-1,-1;Symbol "Symbol" true true false 254 Text 0 0 ,First,#,MapUnitPolys,Symbol,-1,-1;DataSourceID "DataSourceID" true true false 50 Text 0 0 ,First,#,MapUnitPolys,DataSourceID,-1,-1;Notes "Notes" true true false 254 Text 0 0 ,First,#,MapUnitPolys,Notes,-1,-1;MapUnitPolys_ID "MapUnitPolys_ID" true true false 50 Text 0 0 ,First,#,MapUnitPolys,MapUnitPolys_ID,-1,-1;Label "Label" true true false 10 Text 0 0 ,First,#,MapUnitPolys,Label,-1,-1;ArcJoinKey "ArcJoinKey" true true false 40 Text 0 0 ,First,#,MapUnitPolys,ArcJoinKey,-1,-1;ThematicUnitLabel "ThematicUnitLabel" true true false 60 Text 0 0 ,First,#,MapUnitPolys,ThematicUnitLabel,-1,-1;ThematicRockType "ThematicRockType" true true false 50 Text 0 0 ,First,#,MapUnitPolys,ThematicRockType,-1,-1;ThematicAge "ThematicAge" true true false 50 Text 0 0 ,First,#,MapUnitPolys,ThematicAge,-1,-1;ThematicTerraneGroup "ThematicTerraneGroup" true true false 50 Text 0 0 ,First,#,MapUnitPolys,ThematicTerraneGroup,-1,-1;ThematicFormation "ThematicFormation" true true false 200 Text 0 0 ,First,#,MapUnitPolys,ThematicFormation,-1,-1;ThematicMember "ThematicMember" true true false 50 Text 0 0 ,First,#,MapUnitPolys,ThematicMember,-1,-1;ThematicUnit "ThematicUnit" true true false 50 Text 0 0 ,First,#,MapUnitPolys,ThematicUnit,-1,-1;ThematicLithology "ThematicLithology" true true false 50 Text 0 0 ,First,#,MapUnitPolys,ThematicLithology,-1,-1;SHAPE_Length "SHAPE_Length" false true true 8 Double 0 0 ,First,#,MapUnitPolys,SHAPE_Length,-1,-1;SHAPE_Area_1 "SHAPE_Area_1" false true true 8 Double 0 0 ,First,#,MapUnitPolys,SHAPE_Area,-1,-1" INTERSECT # #</Process></lineage></DataProperties><SyncDate>20210405</SyncDate><SyncTime>14221700</SyncTime><ModDate>20210405</ModDate><ModTime>14221700</ModTime></Esri><dataIdInfo><envirDesc Sync="TRUE"> Version 6.2 (Build 9200) ; Esri ArcGIS 10.7.1.11595</envirDesc><dataLang><languageCode value="eng" Sync="TRUE"></languageCode><countryCode value="USA" Sync="TRUE"></countryCode></dataLang><idCitation><resTitle Sync="TRUE">Elk_City_303</resTitle><presForm><PresFormCd value="005" Sync="TRUE"></PresFormCd></presForm></idCitation><spatRpType><SpatRepTypCd value="001" Sync="TRUE"></SpatRepTypCd></spatRpType></dataIdInfo><mdLang><languageCode value="eng" Sync="TRUE"></languageCode><countryCode value="USA" Sync="TRUE"></countryCode></mdLang><mdChar><CharSetCd value="004" Sync="TRUE"></CharSetCd></mdChar><distInfo><distFormat><formatName Sync="TRUE">Shapefile</formatName></distFormat><distTranOps><transSize Sync="TRUE">0.000</transSize></distTranOps></distInfo><mdHrLv><ScopeCd value="005" Sync="TRUE"></ScopeCd></mdHrLv><mdHrLvName Sync="TRUE">dataset</mdHrLvName><spatRepInfo><VectSpatRep><geometObjs Name="Elk_City_303"><geoObjTyp><GeoObjTypCd value="002" Sync="TRUE"></GeoObjTypCd></geoObjTyp><geoObjCnt Sync="TRUE">0</geoObjCnt></geometObjs><topLvl><TopoLevCd value="001" Sync="TRUE"></TopoLevCd></topLvl></VectSpatRep></spatRepInfo><spdoinfo><ptvctinf><esriterm Name="Elk_City_303"><efeatyp Sync="TRUE">Simple</efeatyp><efeageom code="4" Sync="TRUE"></efeageom><esritopo Sync="TRUE">FALSE</esritopo><efeacnt Sync="TRUE">0</efeacnt><spindex Sync="TRUE">FALSE</spindex><linrefer Sync="TRUE">FALSE</linrefer></esriterm></ptvctinf></spdoinfo><eainfo><detailed Name="Elk_City_303"><enttyp><enttypl Sync="TRUE">Elk_City_303</enttypl><enttypt Sync="TRUE">Feature Class</enttypt><enttypc Sync="TRUE">0</enttypc></enttyp><attr><attrlabl Sync="TRUE">FID</attrlabl><attalias Sync="TRUE">FID</attalias><attrtype Sync="TRUE">OID</attrtype><attwidth Sync="TRUE">4</attwidth><atprecis Sync="TRUE">0</atprecis><attscale Sync="TRUE">0</attscale><attrdef Sync="TRUE">Internal feature number.</attrdef><attrdefs Sync="TRUE">Esri</attrdefs><attrdomv><udom Sync="TRUE">Sequential unique whole numbers that are automatically generated.</udom></attrdomv></attr><attr><attrlabl Sync="TRUE">Shape</attrlabl><attalias Sync="TRUE">Shape</attalias><attrtype Sync="TRUE">Geometry</attrtype><attwidth Sync="TRUE">0</attwidth><atprecis Sync="TRUE">0</atprecis><attscale Sync="TRUE">0</attscale><attrdef Sync="TRUE">Feature geometry.</attrdef><attrdefs Sync="TRUE">Esri</attrdefs><attrdomv><udom Sync="TRUE">Coordinates defining the features.</udom></attrdomv></attr><attr><attrlabl Sync="TRUE">Join_Count</attrlabl><attalias Sync="TRUE">Join_Count</attalias><attrtype Sync="TRUE">Integer</attrtype><attwidth Sync="TRUE">10</attwidth><atprecis Sync="TRUE">10</atprecis><attscale Sync="TRUE">0</attscale></attr><attr><attrlabl Sync="TRUE">TARGET_FID</attrlabl><attalias Sync="TRUE">TARGET_FID</attalias><attrtype Sync="TRUE">Integer</attrtype><attwidth Sync="TRUE">10</attwidth><atprecis Sync="TRUE">10</atprecis><attscale Sync="TRUE">0</attscale></attr><attr><attrlabl Sync="TRUE">UNIQUE_ID</attrlabl><attalias Sync="TRUE">UNIQUE_ID</attalias><attrtype Sync="TRUE">String</attrtype><attwidth Sync="TRUE">18</attwidth><atprecis Sync="TRUE">0</atprecis><attscale Sync="TRUE">0</attscale></attr><attr><attrlabl Sync="TRUE">FAIL_TYPE</attrlabl><attalias Sync="TRUE">FAIL_TYPE</attalias><attrtype Sync="TRUE">String</attrtype><attwidth Sync="TRUE">12</attwidth><atprecis Sync="TRUE">0</atprecis><attscale Sync="TRUE">0</attscale></attr><attr><attrlabl Sync="TRUE">RMSE</attrlabl><attalias Sync="TRUE">RMSE</attalias><attrtype Sync="TRUE">Double</attrtype><attwidth Sync="TRUE">18</attwidth><atprecis Sync="TRUE">17</atprecis><attscale Sync="TRUE">6</attscale></attr><attr><attrlabl Sync="TRUE">Id</attrlabl><attalias Sync="TRUE">Id</attalias><attrtype Sync="TRUE">Integer</attrtype><attwidth Sync="TRUE">5</attwidth><atprecis Sync="TRUE">5</atprecis><attscale Sync="TRUE">0</attscale></attr><attr><attrlabl Sync="TRUE">FID_1</attrlabl><attalias Sync="TRUE">FID_1</attalias><attrtype Sync="TRUE">Integer</attrtype><attwidth Sync="TRUE">9</attwidth><atprecis Sync="TRUE">9</atprecis><attscale Sync="TRUE">0</attscale></attr><attr><attrlabl Sync="TRUE">REF_ID_COD</attrlabl><attalias Sync="TRUE">REF_ID_COD</attalias><attrtype Sync="TRUE">String</attrtype><attwidth Sync="TRUE">50</attwidth><atprecis Sync="TRUE">0</atprecis><attscale Sync="TRUE">0</attscale></attr><attr><attrlabl Sync="TRUE">UNIQUE_I_1</attrlabl><attalias Sync="TRUE">UNIQUE_I_1</attalias><attrtype Sync="TRUE">String</attrtype><attwidth Sync="TRUE">25</attwidth><atprecis Sync="TRUE">0</atprecis><attscale Sync="TRUE">0</attscale></attr><attr><attrlabl Sync="TRUE">TYPE_MOVE</attrlabl><attalias Sync="TRUE">TYPE_MOVE</attalias><attrtype Sync="TRUE">String</attrtype><attwidth Sync="TRUE">25</attwidth><atprecis Sync="TRUE">0</atprecis><attscale Sync="TRUE">0</attscale></attr><attr><attrlabl Sync="TRUE">MOVE_CLASS</attrlabl><attalias Sync="TRUE">MOVE_CLASS</attalias><attrtype Sync="TRUE">String</attrtype><attwidth Sync="TRUE">50</attwidth><atprecis Sync="TRUE">0</atprecis><attscale Sync="TRUE">0</attscale></attr><attr><attrlabl Sync="TRUE">MOVE_CODE</attrlabl><attalias Sync="TRUE">MOVE_CODE</attalias><attrtype Sync="TRUE">String</attrtype><attwidth Sync="TRUE">50</attwidth><atprecis Sync="TRUE">0</atprecis><attscale Sync="TRUE">0</attscale></attr><attr><attrlabl Sync="TRUE">CONFIDENCE</attrlabl><attalias Sync="TRUE">CONFIDENCE</attalias><attrtype Sync="TRUE">String</attrtype><attwidth Sync="TRUE">25</attwidth><atprecis Sync="TRUE">0</atprecis><attscale Sync="TRUE">0</attscale></attr><attr><attrlabl Sync="TRUE">AGE</attrlabl><attalias Sync="TRUE">AGE</attalias><attrtype Sync="TRUE">String</attrtype><attwidth Sync="TRUE">25</attwidth><atprecis Sync="TRUE">0</atprecis><attscale Sync="TRUE">0</attscale></attr><attr><attrlabl Sync="TRUE">NAME</attrlabl><attalias Sync="TRUE">NAME</attalias><attrtype Sync="TRUE">String</attrtype><attwidth Sync="TRUE">50</attwidth><atprecis Sync="TRUE">0</atprecis><attscale Sync="TRUE">0</attscale></attr><attr><attrlabl Sync="TRUE">GEOL</attrlabl><attalias Sync="TRUE">GEOL</attalias><attrtype Sync="TRUE">String</attrtype><attwidth Sync="TRUE">50</attwidth><atprecis Sync="TRUE">0</atprecis><attscale Sync="TRUE">0</attscale></attr><attr><attrlabl Sync="TRUE">SLOPE</attrlabl><attalias Sync="TRUE">SLOPE</attalias><attrtype Sync="TRUE">Single</attrtype><attwidth Sync="TRUE">13</attwidth><atprecis Sync="TRUE">0</atprecis><attscale Sync="TRUE">0</attscale></attr><attr><attrlabl Sync="TRUE">HS_HEIGHT</attrlabl><attalias Sync="TRUE">HS_HEIGHT</attalias><attrtype Sync="TRUE">Single</attrtype><attwidth Sync="TRUE">13</attwidth><atprecis Sync="TRUE">0</atprecis><attscale Sync="TRUE">0</attscale></attr><attr><attrlabl Sync="TRUE">FAN_HEIGHT</attrlabl><attalias Sync="TRUE">FAN_HEIGHT</attalias><attrtype Sync="TRUE">Single</attrtype><attwidth Sync="TRUE">13</attwidth><atprecis Sync="TRUE">0</atprecis><attscale Sync="TRUE">0</attscale></attr><attr><attrlabl Sync="TRUE">FAIL_DEPTH</attrlabl><attalias Sync="TRUE">FAIL_DEPTH</attalias><attrtype Sync="TRUE">Single</attrtype><attwidth Sync="TRUE">13</attwidth><atprecis Sync="TRUE">0</atprecis><attscale Sync="TRUE">0</attscale></attr><attr><attrlabl Sync="TRUE">DEEP_SHAL</attrlabl><attalias Sync="TRUE">DEEP_SHAL</attalias><attrtype Sync="TRUE">String</attrtype><attwidth Sync="TRUE">25</attwidth><atprecis Sync="TRUE">0</atprecis><attscale Sync="TRUE">0</attscale></attr><attr><attrlabl Sync="TRUE">HS_IS1</attrlabl><attalias Sync="TRUE">HS_IS1</attalias><attrtype Sync="TRUE">Single</attrtype><attwidth Sync="TRUE">13</attwidth><atprecis Sync="TRUE">0</atprecis><attscale Sync="TRUE">0</attscale></attr><attr><attrlabl Sync="TRUE">IS1_IS2</attrlabl><attalias Sync="TRUE">IS1_IS2</attalias><attrtype Sync="TRUE">Single</attrtype><attwidth Sync="TRUE">13</attwidth><atprecis Sync="TRUE">0</atprecis><attscale Sync="TRUE">0</attscale></attr><attr><attrlabl Sync="TRUE">IS2_IS3</attrlabl><attalias Sync="TRUE">IS2_IS3</attalias><attrtype Sync="TRUE">Single</attrtype><attwidth Sync="TRUE">13</attwidth><atprecis Sync="TRUE">0</atprecis><attscale Sync="TRUE">0</attscale></attr><attr><attrlabl Sync="TRUE">IS3_IS4</attrlabl><attalias Sync="TRUE">IS3_IS4</attalias><attrtype Sync="TRUE">Single</attrtype><attwidth Sync="TRUE">13</attwidth><atprecis Sync="TRUE">0</atprecis><attscale Sync="TRUE">0</attscale></attr><attr><attrlabl Sync="TRUE">HD_AVE</attrlabl><attalias Sync="TRUE">HD_AVE</attalias><attrtype Sync="TRUE">Single</attrtype><attwidth Sync="TRUE">13</attwidth><atprecis Sync="TRUE">0</atprecis><attscale Sync="TRUE">0</attscale></attr><attr><attrlabl Sync="TRUE">DIRECT</attrlabl><attalias Sync="TRUE">DIRECT</attalias><attrtype Sync="TRUE">Single</attrtype><attwidth Sync="TRUE">13</attwidth><atprecis Sync="TRUE">0</atprecis><attscale Sync="TRUE">0</attscale></attr><attr><attrlabl Sync="TRUE">AREA</attrlabl><attalias Sync="TRUE">AREA</attalias><attrtype Sync="TRUE">Single</attrtype><attwidth Sync="TRUE">13</attwidth><atprecis Sync="TRUE">0</atprecis><attscale Sync="TRUE">0</attscale></attr><attr><attrlabl Sync="TRUE">VOL</attrlabl><attalias Sync="TRUE">VOL</attalias><attrtype Sync="TRUE">Single</attrtype><attwidth Sync="TRUE">13</attwidth><atprecis Sync="TRUE">0</atprecis><attscale Sync="TRUE">0</attscale></attr><attr><attrlabl Sync="TRUE">MAP_UNIT_L</attrlabl><attalias Sync="TRUE">MAP_UNIT_L</attalias><attrtype Sync="TRUE">String</attrtype><attwidth Sync="TRUE">50</attwidth><atprecis Sync="TRUE">0</atprecis><attscale Sync="TRUE">0</attscale></attr><attr><attrlabl Sync="TRUE">DESCRIPTIO</attrlabl><attalias Sync="TRUE">DESCRIPTIO</attalias><attrtype Sync="TRUE">String</attrtype><attwidth Sync="TRUE">25</attwidth><atprecis Sync="TRUE">0</atprecis><attscale Sync="TRUE">0</attscale></attr><attr><attrlabl Sync="TRUE">YEAR</attrlabl><attalias Sync="TRUE">YEAR</attalias><attrtype Sync="TRUE">Integer</attrtype><attwidth Sync="TRUE">5</attwidth><atprecis Sync="TRUE">5</atprecis><attscale Sync="TRUE">0</attscale></attr><attr><attrlabl Sync="TRUE">DATE_RANGE</attrlabl><attalias Sync="TRUE">DATE_RANGE</attalias><attrtype Sync="TRUE">String</attrtype><attwidth Sync="TRUE">25</attwidth><atprecis Sync="TRUE">0</atprecis><attscale Sync="TRUE">0</attscale></attr><attr><attrlabl Sync="TRUE">REACTIVATI</attrlabl><attalias Sync="TRUE">REACTIVATI</attalias><attrtype Sync="TRUE">String</attrtype><attwidth Sync="TRUE">50</attwidth><atprecis Sync="TRUE">0</atprecis><attscale Sync="TRUE">0</attscale></attr><attr><attrlabl Sync="TRUE">MONTH</attrlabl><attalias Sync="TRUE">MONTH</attalias><attrtype Sync="TRUE">String</attrtype><attwidth Sync="TRUE">2</attwidth><atprecis Sync="TRUE">0</atprecis><attscale Sync="TRUE">0</attscale></attr><attr><attrlabl Sync="TRUE">DAY</attrlabl><attalias Sync="TRUE">DAY</attalias><attrtype Sync="TRUE">String</attrtype><attwidth Sync="TRUE">2</attwidth><atprecis Sync="TRUE">0</atprecis><attscale Sync="TRUE">0</attscale></attr><attr><attrlabl Sync="TRUE">Shape_Leng</attrlabl><attalias Sync="TRUE">Shape_Leng</attalias><attrtype Sync="TRUE">Double</attrtype><attwidth Sync="TRUE">19</attwidth><atprecis Sync="TRUE">0</atprecis><attscale Sync="TRUE">0</attscale></attr><attr><attrlabl Sync="TRUE">Shape_Area</attrlabl><attalias Sync="TRUE">Shape_Area</attalias><attrtype Sync="TRUE">Double</attrtype><attwidth Sync="TRUE">19</attwidth><atprecis Sync="TRUE">0</atprecis><attscale Sync="TRUE">0</attscale><attrdef Sync="TRUE">Area of feature in internal units squared.</attrdef><attrdefs Sync="TRUE">Esri</attrdefs><attrdomv><udom Sync="TRUE">Positive real numbers that are automatically generated.</udom></attrdomv></attr><attr><attrlabl Sync="TRUE">MapUnit</attrlabl><attalias Sync="TRUE">MapUnit</attalias><attrtype Sync="TRUE">String</attrtype><attwidth Sync="TRUE">100</attwidth><atprecis Sync="TRUE">0</atprecis><attscale Sync="TRUE">0</attscale></attr><attr><attrlabl Sync="TRUE">MapUnitNam</attrlabl><attalias Sync="TRUE">MapUnitNam</attalias><attrtype Sync="TRUE">String</attrtype><attwidth Sync="TRUE">254</attwidth><atprecis Sync="TRUE">0</atprecis><attscale Sync="TRUE">0</attscale></attr><attr><attrlabl Sync="TRUE">IdentityCo</attrlabl><attalias Sync="TRUE">IdentityCo</attalias><attrtype Sync="TRUE">String</attrtype><attwidth Sync="TRUE">50</attwidth><atprecis Sync="TRUE">0</atprecis><attscale Sync="TRUE">0</attscale></attr><attr><attrlabl Sync="TRUE">Symbol</attrlabl><attalias Sync="TRUE">Symbol</attalias><attrtype Sync="TRUE">String</attrtype><attwidth Sync="TRUE">254</attwidth><atprecis Sync="TRUE">0</atprecis><attscale Sync="TRUE">0</attscale></attr><attr><attrlabl Sync="TRUE">DataSource</attrlabl><attalias Sync="TRUE">DataSource</attalias><attrtype Sync="TRUE">String</attrtype><attwidth Sync="TRUE">50</attwidth><atprecis Sync="TRUE">0</atprecis><attscale Sync="TRUE">0</attscale></attr><attr><attrlabl Sync="TRUE">Notes</attrlabl><attalias Sync="TRUE">Notes</attalias><attrtype Sync="TRUE">String</attrtype><attwidth Sync="TRUE">254</attwidth><atprecis Sync="TRUE">0</atprecis><attscale Sync="TRUE">0</attscale></attr><attr><attrlabl Sync="TRUE">MapUnitPol</attrlabl><attalias Sync="TRUE">MapUnitPol</attalias><attrtype Sync="TRUE">String</attrtype><attwidth Sync="TRUE">50</attwidth><atprecis Sync="TRUE">0</atprecis><attscale Sync="TRUE">0</attscale></attr><attr><attrlabl Sync="TRUE">Label</attrlabl><attalias Sync="TRUE">Label</attalias><attrtype Sync="TRUE">String</attrtype><attwidth Sync="TRUE">10</attwidth><atprecis Sync="TRUE">0</atprecis><attscale Sync="TRUE">0</attscale></attr><attr><attrlabl Sync="TRUE">ArcJoinKey</attrlabl><attalias Sync="TRUE">ArcJoinKey</attalias><attrtype Sync="TRUE">String</attrtype><attwidth Sync="TRUE">40</attwidth><atprecis Sync="TRUE">0</atprecis><attscale Sync="TRUE">0</attscale></attr><attr><attrlabl Sync="TRUE">ThematicUn</attrlabl><attalias Sync="TRUE">ThematicUn</attalias><attrtype Sync="TRUE">String</attrtype><attwidth Sync="TRUE">60</attwidth><atprecis Sync="TRUE">0</atprecis><attscale Sync="TRUE">0</attscale></attr><attr><attrlabl Sync="TRUE">ThematicRo</attrlabl><attalias Sync="TRUE">ThematicRo</attalias><attrtype Sync="TRUE">String</attrtype><attwidth Sync="TRUE">50</attwidth><atprecis Sync="TRUE">0</atprecis><attscale Sync="TRUE">0</attscale></attr><attr><attrlabl Sync="TRUE">ThematicAg</attrlabl><attalias Sync="TRUE">ThematicAg</attalias><attrtype Sync="TRUE">String</attrtype><attwidth Sync="TRUE">50</attwidth><atprecis Sync="TRUE">0</atprecis><attscale Sync="TRUE">0</attscale></attr><attr><attrlabl Sync="TRUE">ThematicTe</attrlabl><attalias Sync="TRUE">ThematicTe</attalias><attrtype Sync="TRUE">String</attrtype><attwidth Sync="TRUE">50</attwidth><atprecis Sync="TRUE">0</atprecis><attscale Sync="TRUE">0</attscale></attr><attr><attrlabl Sync="TRUE">ThematicFo</attrlabl><attalias Sync="TRUE">ThematicFo</attalias><attrtype Sync="TRUE">String</attrtype><attwidth Sync="TRUE">200</attwidth><atprecis Sync="TRUE">0</atprecis><attscale Sync="TRUE">0</attscale></attr><attr><attrlabl Sync="TRUE">ThematicMe</attrlabl><attalias Sync="TRUE">ThematicMe</attalias><attrtype Sync="TRUE">String</attrtype><attwidth Sync="TRUE">50</attwidth><atprecis Sync="TRUE">0</atprecis><attscale Sync="TRUE">0</attscale></attr><attr><attrlabl Sync="TRUE">Thematic_1</attrlabl><attalias Sync="TRUE">Thematic_1</attalias><attrtype Sync="TRUE">String</attrtype><attwidth Sync="TRUE">50</attwidth><atprecis Sync="TRUE">0</atprecis><attscale Sync="TRUE">0</attscale></attr><attr><attrlabl Sync="TRUE">ThematicLi</attrlabl><attalias Sync="TRUE">ThematicLi</attalias><attrtype Sync="TRUE">String</attrtype><attwidth Sync="TRUE">50</attwidth><atprecis Sync="TRUE">0</atprecis><attscale Sync="TRUE">0</attscale></attr><attr><attrlabl Sync="TRUE">SHAPE_Le_1</attrlabl><attalias Sync="TRUE">SHAPE_Le_1</attalias><attrtype Sync="TRUE">Double</attrtype><attwidth Sync="TRUE">19</attwidth><atprecis Sync="TRUE">0</atprecis><attscale Sync="TRUE">0</attscale></attr><attr><attrlabl Sync="TRUE">SHAPE_Ar_1</attrlabl><attalias Sync="TRUE">SHAPE_Ar_1</attalias><attrtype Sync="TRUE">Double</attrtype><attwidth Sync="TRUE">19</attwidth><atprecis Sync="TRUE">0</atprecis><attscale Sync="TRUE">0</attscale></attr></detailed></eainfo><mdDateSt Sync="TRUE">20210405</mdDateSt></metadata>
