<?xml version="1.0" encoding="UTF-8"?>
<metadata xml:lang="en"><Esri><CreaDate>20210405</CreaDate><CreaTime>14351600</CreaTime><ArcGISFormat>1.0</ArcGISFormat><SyncOnce>TRUE</SyncOnce><DataProperties><lineage><Process Name="Extract by Mask" ToolSource="c:\program files\arcgis\pro\Resources\ArcToolbox\toolboxes\Spatial Analyst Tools.tbx\ExtractByMask" Date="20210405" Time="143516">ExtractByMask C:\Users\albertis\Downloads\ELK\Raster\ELK_dem_total_mask_20ft.tif C:\Users\albertis\Downloads\ELK\Temp\outside_bb.shp C:\Users\albertis\Downloads\ELK\Raster\Singles_DEM\Elk_City_303.tif</Process></lineage></DataProperties></Esri></metadata>
