<PAMDataset>
  <PAMRasterBand band="1">
    <Histograms>
      <HistItem>
        <HistMin>478.4700012207031</HistMin>
        <HistMax>847.9400024414063</HistMax>
        <BucketCount>256</BucketCount>
        <IncludeOutOfRange>1</IncludeOutOfRange>
        <Approximate>0</Approximate>
        <HistCounts>1|3|1|1|3|2|1|3|2|1|1|1|3|2|1|5|2|1|1|3|1|4|5|4|3|1|2|5|5|2|4|3|6|5|6|7|8|12|11|6|8|23|14|14|12|18|12|16|13|17|13|27|22|22|20|30|19|30|27|36|43|37|37|38|48|41|44|31|25|31|35|33|32|28|37|37|37|31|41|37|21|24|29|21|24|25|27|18|18|14|24|14|22|13|12|24|11|10|16|16|10|17|13|23|20|19|13|16|8|14|7|8|11|9|15|6|8|7|5|15|6|7|12|9|8|11|4|14|10|8|6|10|7|9|5|4|9|8|10|3|7|5|7|7|3|6|8|4|9|4|7|8|2|13|7|3|6|6|5|5|6|4|7|7|5|2|6|5|3|6|8|2|8|1|7|2|2|6|2|3|4|5|7|2|6|2|3|7|1|5|4|6|3|3|3|2|5|9|5|1|3|7|3|8|5|8|7|5|9|16|23|19|19|3|7|1|8|5|0|4|5|2|4|5|3|2|4|4|2|1|4|7|0|2|3|3|1|2|2|4|3|2|2|1|4|3|2|1|1|1|0|2|0|0|1|1</HistCounts>
      </HistItem>
    </Histograms>
    <Metadata>
      <MDI key="STATISTICS_EXCLUDEDVALUES"></MDI>
      <MDI key="STATISTICS_MAXIMUM">847.94000244141</MDI>
      <MDI key="STATISTICS_MEAN">622.93230250896</MDI>
      <MDI key="STATISTICS_MINIMUM">478.4700012207</MDI>
      <MDI key="STATISTICS_SKIPFACTORX">1</MDI>
      <MDI key="STATISTICS_SKIPFACTORY">1</MDI>
      <MDI key="STATISTICS_STDDEV">77.723769407131</MDI>
    </Metadata>
  </PAMRasterBand>
</PAMDataset>
